-- phpMyAdmin SQL Dump
-- version 3.5.0
-- http://www.phpmyadmin.net
--
-- Host: localhost
-- Generation Time: May 31, 2012 at 02:12 PM
-- Server version: 5.1.61
-- PHP Version: 5.3.3

SET SQL_MODE="NO_AUTO_VALUE_ON_ZERO";
SET time_zone = "+00:00";


/*!40101 SET @OLD_CHARACTER_SET_CLIENT=@@CHARACTER_SET_CLIENT */;
/*!40101 SET @OLD_CHARACTER_SET_RESULTS=@@CHARACTER_SET_RESULTS */;
/*!40101 SET @OLD_COLLATION_CONNECTION=@@COLLATION_CONNECTION */;
/*!40101 SET NAMES utf8 */;

--
-- Database: `django_lvp`
--

-- --------------------------------------------------------

--
-- Table structure for table `lis_courses`
--

CREATE TABLE IF NOT EXISTS `lis_courses` (
  `course_id` int(11) NOT NULL AUTO_INCREMENT,
  `academic_field` varchar(20) NOT NULL,
  `academic_course_number` varchar(10) NOT NULL,
  `description` varchar(200) DEFAULT NULL,
  `academic_location_id` int(11) DEFAULT NULL,
  PRIMARY KEY (`course_id`),
  KEY `lis_courses_3549b700` (`academic_location_id`)
) ENGINE=MyISAM  DEFAULT CHARSET=latin1 AUTO_INCREMENT=30 ;

--
-- Dumping data for table `lis_courses`
--

INSERT INTO `lis_courses` (`course_id`, `academic_field`, `academic_course_number`, `description`, `academic_location_id`) VALUES
(1, 'HIST', '422', NULL, 1),
(2, 'B E', '322', 'Bioengineering 322', 1),
(3, 'B E', '205', '', 1),
(4, 'B E', '410', '', 1),
(5, 'CH E', '596', '', 1),
(6, 'CH E', '450', '', 1),
(7, 'ARCH', '101', 'Architecture 101', 1),
(29, 'ENGL', '100', '', 1),
(9, 'BIOL', '393', NULL, 1),
(10, 'BIOL', '418', NULL, 1),
(11, 'BIOL', '251', NULL, 1),
(12, 'CE', '580', NULL, 1),
(13, 'ES/RP', '592', '', 1),
(14, 'GEOL', '598', NULL, 1),
(15, 'GEOL', '210', NULL, 1),
(16, 'GEOL', '101', NULL, 1),
(17, 'B E', '496', '', 1),
(18, 'V MS', '582', 'Vet. Clinical Med. And Surgery 582', 1),
(19, 'V PA', '548', 'Veterinary Pathology 548', 1),
(20, 'A S', '180', 'Animal Sciences 180', 1),
(21, 'PHIL', '522', 'Seminar in Metaphysics', 1),
(22, 'U H', '398', 'Honors Thesis Proposal Seminar', 1),
(23, 'U H', '380', 'Case Study: Global Issues in the Arts and Humanities', 1),
(24, 'UCOLL', '300', 'Accessing Information for Research', 1),
(25, 'ENGL', '101', 'English Composition', 1),
(26, 'ENGL', '105', '', 1),
(27, 'test', 'test', 'test', 1),
(28, 'testy', '101', '', NULL);

-- --------------------------------------------------------

--
-- Table structure for table `lis_librarians`
--

CREATE TABLE IF NOT EXISTS `lis_librarians` (
  `librarian_id` int(11) NOT NULL AUTO_INCREMENT,
  `first_name` varchar(40) NOT NULL,
  `last_name` varchar(40) NOT NULL,
  PRIMARY KEY (`librarian_id`)
) ENGINE=MyISAM  DEFAULT CHARSET=latin1 AUTO_INCREMENT=20 ;

--
-- Dumping data for table `lis_librarians`
--

INSERT INTO `lis_librarians` (`librarian_id`, `first_name`, `last_name`) VALUES
(1, 'Lara', 'Tomassi'),
(2, 'Stephen', 'King'),
(3, 'Corey', 'Haim'),
(4, 'Jane', 'Austen'),
(5, 'Eileen', 'Fisher'),
(6, 'Betty', 'Boo'),
(7, 'Zinthia', 'Diaz'),
(8, 'Gabriella', 'Wilde'),
(9, 'Erica', 'Nichols'),
(10, 'Linda', 'Lovelace'),
(11, 'Vicki', 'Vale'),
(12, 'Bob', 'Hoskins'),
(13, 'Lorena', 'Bobbit'),
(14, 'Lou', 'Reed'),
(15, 'Mary', 'Shelley'),
(16, 'Marilyn', 'Vos Savant'),
(17, 'MASC', ' '),
(18, 'Multiple', ' '),
(19, 'Trevor', 'prangley');

-- --------------------------------------------------------

--
-- Table structure for table `lis_locations`
--

CREATE TABLE IF NOT EXISTS `lis_locations` (
  `location_id` int(11) NOT NULL AUTO_INCREMENT,
  `name` varchar(40) NOT NULL,
  `description` varchar(200) DEFAULT NULL,
  PRIMARY KEY (`location_id`)
) ENGINE=MyISAM  DEFAULT CHARSET=latin1 AUTO_INCREMENT=6 ;

--
-- Dumping data for table `lis_locations`
--

INSERT INTO `lis_locations` (`location_id`, `name`, `description`) VALUES
(1, 'Campus 1', ''),
(2, 'Campus 2', ''),
(3, 'Campus 3', ''),
(4, 'Campus 4', ''),
(5, 'Campus 5', '');

-- --------------------------------------------------------

--
-- Table structure for table `lis_sessions`
--

CREATE TABLE IF NOT EXISTS `lis_sessions` (
  `session_id` int(11) NOT NULL AUTO_INCREMENT,
  `date` date DEFAULT NULL,
  `librarian_id` int(11) NOT NULL,
  `session_type_id` int(11) NOT NULL,
  `description` varchar(200) DEFAULT NULL,
  `number_of_users` int(11) DEFAULT NULL,
  `location` varchar(40) DEFAULT NULL,
  `gov_docs` tinyint(1) NOT NULL,
  `session_format_id` int(11) DEFAULT NULL,
  `campus_id` int(11) DEFAULT NULL,
  `course_id` int(11) DEFAULT NULL,
  `section` varchar(20) DEFAULT NULL,
  `academic_term` varchar(20) NOT NULL,
  `instructor` varchar(40) DEFAULT NULL,
  PRIMARY KEY (`session_id`),
  KEY `lis_sessions_73602d6f` (`librarian_id`),
  KEY `lis_sessions_413500b9` (`session_type_id`),
  KEY `lis_sessions_783d0d64` (`session_format_id`),
  KEY `lis_sessions_b7271b` (`course_id`),
  KEY `campus_id_refs_location_id_7a3dc693` (`campus_id`)
) ENGINE=MyISAM  DEFAULT CHARSET=latin1 AUTO_INCREMENT=162 ;

--
-- Dumping data for table `lis_sessions`
--

INSERT INTO `lis_sessions` (`session_id`, `date`, `librarian_id`, `session_type_id`, `description`, `number_of_users`, `location`, `gov_docs`, `session_format_id`, `campus_id`, `course_id`, `section`, `academic_term`, `instructor`) VALUES
(1, '2011-07-07', 1, 4, 'ALIVE Parent Tour #7', NULL, '', 0, 1, NULL, NULL, NULL, 'Summer 11', ''),
(2, '2011-07-11', 1, 4, 'ALIVE Parent Tour #8', NULL, '', 0, 1, NULL, NULL, NULL, 'Summer 11', ''),
(3, '2011-07-15', 1, 4, 'ALIVE Parent Tour #9', NULL, '', 0, 1, NULL, NULL, NULL, 'Summer 11', ''),
(4, '2011-07-20', 1, 4, 'ALIVE Parent Tour #10', NULL, '', 0, 1, NULL, NULL, NULL, 'Summer 11', ''),
(5, '2011-07-25', 1, 4, 'ALIVE Parent Tour #11', NULL, '', 0, 1, NULL, NULL, NULL, 'Summer 11', ''),
(6, '2011-07-29', 1, 4, 'ALIVE Parent Tour #12', NULL, '', 0, 1, NULL, NULL, NULL, 'Summer 11', ''),
(7, '2011-08-02', 1, 4, 'ALIVE Parent Tour #13', NULL, '', 0, 1, NULL, NULL, NULL, 'Summer 11', ''),
(8, '2011-09-06', 1, 4, 'Transfer Student Orientation', 2, '', 0, 1, NULL, NULL, NULL, 'Fall 11', ''),
(9, '2011-09-14', 1, 4, 'McNair Scholars Workshop', 13, '', 0, 1, NULL, NULL, NULL, 'Fall 11', ''),
(10, '2011-09-14', 6, 4, 'New Grad Seminar', 5, '', 0, 1, NULL, NULL, NULL, 'Fall 11', ''),
(11, '2011-09-07', 3, 4, 'Washtucna High School', 12, '', 0, 1, NULL, NULL, NULL, 'Fall 11', ''),
(12, '2011-10-12', 3, 4, 'HRS Create Your Own Web Page', 5, '', 0, 1, NULL, NULL, NULL, 'Fall 11', ''),
(13, '2011-12-13', 3, 4, 'Colton High School', 9, '', 0, 1, NULL, NULL, NULL, 'Fall 11', ''),
(14, '2011-08-04', 10, 4, 'Atheletic Training Program', 32, '', 0, 1, NULL, NULL, NULL, 'Summer 11', ''),
(15, '2011-07-19', 18, 4, 'Cougar Kids', 64, '', 0, 1, NULL, NULL, NULL, 'Summer 11', ''),
(16, '2011-07-20', 13, 4, 'Keeping Up and Keeping Track', NULL, '', 0, 1, NULL, NULL, NULL, 'Summer 11', ''),
(17, '2011-08-03', 13, 4, 'Zotero', NULL, '', 0, 1, NULL, NULL, NULL, 'Summer 11', ''),
(18, '2011-08-08', 13, 4, 'Zotero', NULL, '', 0, 1, NULL, NULL, NULL, 'Summer 11', ''),
(19, '2011-09-01', 13, 4, 'Zotero', NULL, '', 0, 1, NULL, NULL, NULL, 'Fall 11', ''),
(20, '2011-09-07', 13, 4, 'Zotero', 7, '', 0, 1, NULL, NULL, NULL, 'Fall 11', ''),
(21, '2011-09-15', 13, 4, 'Zotero', NULL, '', 0, 1, NULL, NULL, NULL, 'Fall 11', ''),
(22, '2011-09-21', 13, 4, 'Zotero', 1, '', 0, 1, NULL, NULL, NULL, 'Fall 11', ''),
(23, '2011-09-28', 13, 4, 'Zotero', NULL, '', 0, 1, NULL, NULL, NULL, 'Fall 11', ''),
(24, '2011-10-14', 13, 4, 'Zotero', NULL, '', 0, 1, NULL, NULL, NULL, 'Fall 11', ''),
(25, '2011-10-19', 13, 4, 'Keeping Up and Keeping Track', NULL, '', 0, 1, NULL, NULL, NULL, 'Fall 11', ''),
(26, '2011-11-03', 13, 4, 'Zotero', NULL, '', 0, 1, NULL, NULL, NULL, 'Fall 11', ''),
(27, '2011-11-09', 13, 4, 'Zotero (Drop In)', NULL, '', 0, 1, NULL, NULL, NULL, 'Fall 11', ''),
(28, '2011-12-08', 13, 4, 'Zotero (Drop In)', NULL, '', 0, 1, NULL, NULL, NULL, 'Fall 11', ''),
(29, '2011-11-02', 8, 4, 'Open Workshop for International Students', NULL, '', 0, 1, NULL, NULL, NULL, 'Fall 11', ''),
(30, '2011-07-27', 4, 4, 'Beginning EndNote', 3, '', 0, 1, NULL, NULL, NULL, 'Summer 11', ''),
(31, '2011-08-03', 4, 4, 'EndNote', 3, '', 0, 1, NULL, NULL, NULL, 'Summer 11', ''),
(32, '2011-08-10', 4, 4, 'EndNote', 5, '', 0, 1, NULL, NULL, NULL, 'Summer 11', ''),
(33, '2011-08-17', 4, 4, 'EndNote Open Workshop ', 5, '', 0, 1, NULL, NULL, NULL, 'Summer 11', ''),
(34, '2011-10-27', 4, 4, 'EndNote Beginners', 6, '', 0, 1, NULL, NULL, NULL, 'Fall 2011', ''),
(35, '2011-11-09', 4, 4, 'EndNote Beginners', 5, '', 0, 1, NULL, NULL, NULL, 'Fall 11', ''),
(36, '2011-11-16', 4, 4, 'EndNote Cite While You Write', NULL, '', 0, 1, NULL, NULL, NULL, 'Fall 11', ''),
(37, '2011-08-15', 5, 4, 'Grad Student Tours ', 13, '', 0, 1, NULL, NULL, NULL, 'Summer 11', ''),
(38, '2011-08-15', 6, 4, 'Grad Student Tours', 19, '', 0, 1, NULL, NULL, NULL, 'Summer 11', ''),
(39, '2011-08-15', 16, 4, 'Grad Student Tours', 16, '', 0, 1, NULL, NULL, NULL, 'Summer 11', ''),
(40, '2011-11-09', 19, 2, '', 22, '', 0, 1, NULL, 1, '1', 'Fall 11', ''),
(41, '2011-09-12', 5, 2, '', 9, '', 0, 1, NULL, 2, '1', 'Fall 11', ''),
(42, '2011-09-13', 5, 2, '', 28, '', 0, 1, NULL, 3, '1', 'Fall 11', ''),
(43, '2011-09-13', 5, 2, '', 12, '', 0, 1, NULL, 2, '1', 'Fall 11', ''),
(44, '2011-10-18', 5, 2, '', 4, '', 1, 1, NULL, 4, '1', 'Fall 11', ''),
(45, '2011-10-20', 5, 2, '', 5, '', 0, 1, NULL, 4, '1', 'Fall 11', ''),
(46, '2011-10-26', 5, 2, '', 3, '', 1, 1, NULL, 4, '1', 'Fall 11', ''),
(47, '2011-10-27', 5, 2, '', 4, '', 0, 1, NULL, 4, '1', 'Fall 11', ''),
(48, '2011-10-28', 5, 2, '', 3, '', 0, 1, NULL, 4, '1', 'Fall 11', ''),
(49, '2011-10-31', 5, 2, '', 3, '', 0, 1, NULL, 4, '1', 'Fall 11', ''),
(50, '2011-10-31', 5, 2, '', 4, '', 0, 1, NULL, 4, '1', 'Fall 11', ''),
(51, '2011-11-01', 5, 2, '', 3, '', 1, 1, NULL, 4, '1', 'Fall 11', ''),
(52, '2011-11-04', 5, 2, '', 5, '', 0, 1, NULL, 4, '1', 'Fall 11', ''),
(53, '2011-09-20', 5, 2, '', 15, '', 0, 1, NULL, 5, '1', 'Fall 11', ''),
(54, '2011-11-28', 5, 2, '', 14, '', 1, 1, NULL, 6, '1', 'Fall 11', ''),
(55, '2011-11-30', 5, 2, '', 11, '', 0, 1, NULL, 6, '1', 'Fall 2011', ''),
(61, '2011-10-27', 5, 2, 'Soils Grad Students', 1, NULL, 0, 1, 1, NULL, NULL, 'Fall 2011', ''),
(60, '2011-08-08', 5, 2, 'Math Grad Student Orientation', 10, NULL, 0, 1, 1, NULL, NULL, 'Summer 2011', ''),
(64, '2011-08-10', 11, 2, 'DVM Orientations', 3, NULL, 1, 1, 1, NULL, NULL, 'Summer 2011', ''),
(63, '2011-08-10', 11, 2, 'DVM Orientations', 9, NULL, 1, 1, 1, NULL, NULL, 'Summer 2011', ''),
(62, '2011-09-13', 18, 2, 'Engineering / Entrep. Coursework', 57, NULL, 0, 2, 1, 17, NULL, 'Fall 2011', ''),
(65, '2011-08-11', 11, 2, 'DVM Orientations', 8, NULL, 1, 1, 1, NULL, NULL, 'Summer 2011', ''),
(66, '2011-08-11', 11, 2, 'DVM Orientations', 3, NULL, 1, 1, 1, NULL, NULL, 'Summer 2011', ''),
(67, '2011-08-12', 11, 2, 'DVM Orientations', 6, NULL, 1, 1, 1, NULL, NULL, 'Summer 2011', ''),
(68, '2011-08-12', 11, 2, 'DVM Orientations', 10, NULL, 1, 1, 1, NULL, NULL, 'Summer 2011', ''),
(69, '2011-08-12', 11, 2, 'DVM Orientations', 8, NULL, 1, 1, 1, NULL, NULL, 'Summer 2011', ''),
(70, '2011-08-18', 11, 2, 'DVM Orientations', 11, NULL, 1, 1, 1, NULL, NULL, 'Summer 2011', ''),
(71, '2011-08-18', 11, 2, 'DVM Orientations', 10, NULL, 1, 1, 1, NULL, NULL, 'Summer 2011', ''),
(72, '2011-08-18', 11, 2, 'DVM Orientations', 8, NULL, 1, 1, 1, NULL, NULL, 'Summer 2011', ''),
(73, '2011-08-19', 11, 2, 'DVM Orientations', 10, NULL, 1, 1, 1, NULL, NULL, 'Summer 2011', ''),
(74, '2011-08-19', 11, 2, 'DVM Orientations', 5, NULL, 1, 1, 1, NULL, NULL, 'Summer 2011', ''),
(75, '2011-08-24', 11, 2, 'DVM Orientations', 10, NULL, 1, 1, 1, NULL, NULL, 'Fall 2011', ''),
(76, '2011-08-18', 11, 2, 'New Neuroscience Grad Students', 8, NULL, 1, 1, 1, NULL, NULL, 'Summer 2011', ''),
(77, '2011-07-19', 11, 2, 'New VCS Residents Orientation', 6, NULL, 1, 1, 1, NULL, NULL, 'Summer 2011', ''),
(78, '2011-09-02', 11, 2, '', 35, NULL, 1, 1, 1, 18, NULL, 'Fall 2011', ''),
(79, '2011-09-14', 11, 2, '', 17, NULL, 1, 1, 1, 19, NULL, 'Fall 2011', ''),
(80, '2011-10-31', 11, 2, 'Pharm Sci PhD Students', 7, NULL, 1, 1, 1, NULL, NULL, 'Fall 2011', ''),
(82, '2012-01-12', 12, 2, '', 7, NULL, 0, 1, 1, 21, '1', 'Spring 2012', 'Campbell, J'),
(83, '2012-01-18', 13, 2, 'Zotero', 12, NULL, 0, 1, 1, 22, '2', 'Spring 2012', 'Elstad, Cathy'),
(84, '2012-01-17', 8, 2, '', 24, NULL, 0, 1, 1, 23, '2', 'Spring 2012', 'Bond, Robin'),
(85, '2012-01-03', 13, 4, 'Packaged Paper: Maximizing the eReading Value of Digital Devices - hrs class', 6, NULL, 0, 1, 1, NULL, NULL, 'Spring 2012', ''),
(86, '2012-01-09', 13, 2, '', 19, NULL, 0, 1, 1, 24, '1', 'Spring 2012', 'O''English, Lorena'),
(87, '2012-01-11', 13, 2, '', 19, NULL, 0, 1, 1, 24, '1', 'Spring 2012', 'O''English, Lorena'),
(88, '2012-01-16', 13, 2, '', 19, NULL, 0, 1, 1, 24, '1', 'Spring 2012', 'O''English, Lorena'),
(89, '2012-01-18', 13, 2, '', 19, NULL, 0, 1, 1, 24, '1', 'Spring 2012', 'O''English, Lorena'),
(91, '2011-10-03', 1, 2, '', 136, NULL, 0, 1, 1, 20, NULL, 'Fall 2011', ''),
(92, '2011-08-25', 6, 2, '', 38, NULL, 0, 1, 1, 7, '1', 'Fall 2011', ''),
(93, '2011-08-25', 6, 2, '', 57, NULL, 0, 1, 1, 7, '2', 'Fall 2011', ''),
(94, '2011-08-31', 6, 2, '', 18, NULL, 0, 1, 1, 9, NULL, 'Fall 2011', ''),
(95, '2011-09-06', 6, 2, '', 20, NULL, 0, 1, 1, 9, NULL, 'Fall 2011', ''),
(96, '2011-09-07', 6, 2, '', 180, NULL, 0, 1, 1, 10, NULL, 'Fall 2011', 'Davitt'),
(97, '2011-09-08', 6, 2, '', 20, NULL, 0, 1, 1, 9, NULL, 'Fall 2011', ''),
(98, '2011-10-31', 6, 2, '', 29, NULL, 0, 1, 1, 11, NULL, 'Fall 2011', ''),
(99, '2011-11-01', 6, 2, '', 29, NULL, 0, 1, 1, 11, NULL, 'Fall 2011', ''),
(100, '2011-11-01', 6, 2, '', 29, NULL, 0, 1, 1, 11, NULL, 'Fall 2011', ''),
(101, '2011-11-01', 6, 2, '', 29, NULL, 0, 1, 1, 11, NULL, 'Fall 2011', ''),
(102, '2011-11-02', 6, 2, '', 29, NULL, 0, 1, 1, 11, NULL, 'Fall 2011', ''),
(103, '2011-11-02', 6, 2, '', 30, NULL, 0, 1, 1, 11, NULL, 'Fall 2011', ''),
(104, '2011-11-02', 6, 2, '', 31, NULL, 0, 1, 1, 11, NULL, 'Fall 2011', ''),
(105, '2011-11-03', 6, 2, '', 29, NULL, 0, 1, 1, 11, NULL, 'Fall 2011', ''),
(106, '2011-11-03', 6, 2, '', 30, NULL, 0, 1, 1, 11, NULL, 'Fall 2011', ''),
(107, '2011-11-03', 6, 2, '', 29, NULL, 0, 1, 1, 11, NULL, 'Fall 2011', ''),
(108, '2011-11-04', 6, 2, '', 29, NULL, 0, 1, 1, 11, NULL, 'Fall 2011', ''),
(109, '2011-11-04', 6, 2, '', 30, NULL, 0, 1, 1, 11, NULL, 'Fall 2011', ''),
(110, '2011-11-08', 6, 2, '', 10, NULL, 0, 1, 1, 11, NULL, 'Fall 2011', ''),
(111, '2011-09-19', 6, 2, '', 25, NULL, 0, 1, 1, 12, NULL, 'Fall 2011', ''),
(112, '2011-10-31', 6, 2, '', 10, NULL, 0, 1, 1, 12, NULL, 'Fall 2011', ''),
(113, '2011-09-26', 6, 2, '', 24, NULL, 0, 1, 1, 12, NULL, 'Fall 2011', ''),
(114, '2011-09-06', 6, 2, '', 6, NULL, 0, 1, 1, 13, NULL, 'Fall 2011', ''),
(115, '2011-10-11', 6, 2, '', 6, NULL, 0, 1, 1, 13, NULL, 'Fall 2011', ''),
(116, '2011-09-06', 6, 2, '', 11, NULL, 0, 1, 1, 14, NULL, 'Fall 2011', ''),
(117, '2011-09-19', 6, 2, '', 30, NULL, 0, 1, 1, 15, NULL, 'Fall 2011', ''),
(118, '2011-09-21', 6, 2, '', 30, NULL, 0, 1, 1, 15, NULL, 'Fall 2011', ''),
(119, '2011-09-29', 6, 2, '', NULL, NULL, 0, 1, 1, 15, NULL, 'Fall 2011', ''),
(120, '2011-10-10', 6, 2, '', 10, NULL, 0, 1, 1, NULL, NULL, 'Fall 2011', ''),
(121, '2011-10-11', 6, 2, '', 16, NULL, 0, 1, 1, 16, NULL, 'Fall 2011', ''),
(122, '2011-10-11', 6, 2, '', 10, NULL, 0, 1, 1, 16, NULL, 'Fall 2011', ''),
(123, '2011-10-11', 6, 2, '', 7, NULL, 0, 1, 1, 16, NULL, 'Fall 2011', ''),
(124, '2011-10-11', 6, 2, '', 11, NULL, 0, 1, 1, 14, NULL, 'Fall 2011', ''),
(125, '2011-10-13', 6, 2, '', 21, NULL, 0, 1, 1, 16, NULL, 'Fall 2011', ''),
(126, '2011-10-13', 6, 2, '', 27, NULL, 0, 1, 1, 16, NULL, 'Fall 2011', ''),
(127, '2011-10-17', 6, 2, '', 34, NULL, 0, 1, 1, 16, NULL, 'Fall 2011', ''),
(128, '2011-10-18', 6, 2, '', 24, NULL, 0, 1, 1, 16, NULL, 'Fall 2011', ''),
(129, '2011-10-18', 6, 2, '', 57, NULL, 0, 1, 1, 16, NULL, 'Fall 2011', ''),
(130, '2011-10-18', 6, 2, '', 27, NULL, 0, 1, 1, 16, NULL, 'Fall 2011', ''),
(131, '2011-10-19', 6, 2, '', 27, NULL, 0, 1, 1, 16, NULL, 'Fall 2011', ''),
(132, '2011-10-19', 6, 2, '', 36, NULL, 0, 1, 1, 16, NULL, 'Fall 2011', ''),
(133, '2011-10-19', 6, 2, '', 41, NULL, 0, 1, 1, 16, NULL, 'Fall 2011', ''),
(134, '2011-10-19', 6, 2, '', 17, NULL, 0, 1, 1, 16, NULL, 'Fall 2011', ''),
(135, '2011-10-20', 6, 2, '', 19, NULL, 0, 1, 1, 16, NULL, 'Fall 2011', ''),
(136, '2011-10-20', 6, 2, '', 25, NULL, 0, 1, 1, 16, NULL, 'Fall 2011', ''),
(137, '2011-10-20', 6, 2, '', 31, NULL, 0, 1, 1, 16, NULL, 'Fall 2011', ''),
(138, '2011-10-25', 6, 2, '', 28, NULL, 0, 1, 1, 16, NULL, 'Fall 2011', ''),
(139, '2011-10-25', 6, 2, '', 29, NULL, 0, 1, 1, 16, NULL, 'Fall 2011', ''),
(140, '2011-10-25', 6, 2, '', 17, NULL, 0, 1, 1, 16, NULL, 'Fall 2011', ''),
(141, '2011-10-25', 6, 2, '', 19, NULL, 0, 1, 1, 16, NULL, 'Fall 2011', ''),
(142, '2011-10-25', 6, 2, '', 16, NULL, 0, 1, 1, 16, NULL, 'Fall 2011', ''),
(143, '2011-10-26', 6, 2, '', 21, NULL, 0, 1, 1, 16, NULL, 'Fall 2011', ''),
(144, '2011-10-26', 6, 2, '', 21, NULL, 0, 1, 1, 16, NULL, 'Fall 2011', ''),
(145, '2011-10-26', 6, 2, '', 21, NULL, 0, 1, 1, 16, NULL, 'Fall 2011', ''),
(146, '2011-11-01', 6, 2, '', 15, NULL, 0, 1, 1, 16, NULL, 'Fall 2011', ''),
(147, '2011-11-02', 6, 2, '', 20, NULL, 0, 1, 1, 16, NULL, 'Fall 2011', ''),
(148, '2011-11-03', 6, 2, '', 20, NULL, 0, 1, 1, 16, NULL, 'Fall 2011', ''),
(149, '2011-11-18', 6, 2, '', 15, NULL, 0, 1, 1, 16, NULL, 'Fall 2011', ''),
(150, '2011-09-13', 1, 1, '', 5, NULL, 0, 1, 1, 29, '3', 'Fall 2011', 'Kissinger, Laura'),
(151, '2011-09-13', 1, 1, '', 6, NULL, 0, 1, 1, 29, '4', 'Fall 2011', 'Kissinger, Laura'),
(152, '2011-10-05', 2, 1, '', 26, NULL, 0, 1, 1, 25, '2', 'Fall 2011', 'Dawson, Kate'),
(153, '2011-09-22', 8, 1, '', 25, NULL, 0, 1, 1, 25, '3', 'Fall 2011', ''),
(154, '2011-09-30', 4, 1, '', 21, NULL, 0, 1, 1, 25, '4', 'Fall 2011', ''),
(155, '2011-10-13', 7, 1, '', 26, NULL, 0, 1, 1, 25, '5', 'Fall 2011', ''),
(156, '2011-11-01', 4, 1, '', 26, NULL, 0, 1, 1, 25, '5', 'Fall 2011', ''),
(157, '2011-10-03', 2, 1, '', 26, NULL, 0, 1, 1, 25, '6', 'Fall 2011', ''),
(158, '2011-10-04', 3, 1, '', 26, NULL, 0, 1, 1, 25, '7', 'Fall 2011', ''),
(159, '2011-10-28', 13, 1, '', 24, NULL, 0, 1, 1, 25, '8', 'Fall 2011', ''),
(160, '2011-10-21', 6, 1, '', 25, NULL, 0, 1, 1, 25, '9', 'Fall 2011', ''),
(161, '2011-09-12', 1, 1, '', 23, NULL, 0, 1, 1, 25, '10', 'Fall 2011', '');

-- --------------------------------------------------------

--
-- Table structure for table `lis_sessions_librarians`
--

CREATE TABLE IF NOT EXISTS `lis_sessions_librarians` (
  `id` int(11) NOT NULL AUTO_INCREMENT,
  `session_id` int(11) NOT NULL,
  `librarian_id` int(11) NOT NULL,
  PRIMARY KEY (`id`),
  UNIQUE KEY `session_id` (`session_id`,`librarian_id`),
  KEY `librarian_id_refs_librarian_id_4183b92e` (`librarian_id`)
) ENGINE=MyISAM  DEFAULT CHARSET=latin1 AUTO_INCREMENT=3 ;

--
-- Dumping data for table `lis_sessions_librarians`
--

INSERT INTO `lis_sessions_librarians` (`id`, `session_id`, `librarian_id`) VALUES
(1, 62, 5),
(2, 62, 15);

-- --------------------------------------------------------

--
-- Table structure for table `lis_sessions_students`
--

CREATE TABLE IF NOT EXISTS `lis_sessions_students` (
  `id` int(11) NOT NULL AUTO_INCREMENT,
  `session_id` int(11) NOT NULL,
  `student_id` int(11) NOT NULL,
  PRIMARY KEY (`id`),
  UNIQUE KEY `session_id` (`session_id`,`student_id`),
  KEY `student_id_refs_student_id_1a4646f0` (`student_id`)
) ENGINE=MyISAM  DEFAULT CHARSET=latin1 AUTO_INCREMENT=1013 ;

--
-- Dumping data for table `lis_sessions_students`
--

INSERT INTO `lis_sessions_students` (`id`, `session_id`, `student_id`) VALUES
(620, 142, 396),
(619, 142, 395),
(618, 142, 394),
(617, 142, 155),
(616, 142, 393),
(615, 142, 392),
(614, 142, 391),
(613, 142, 390),
(612, 142, 389),
(611, 142, 388),
(610, 142, 387),
(520, 142, 299),
(519, 142, 298),
(518, 142, 297),
(517, 142, 296),
(516, 142, 295),
(515, 142, 294),
(514, 142, 293),
(513, 142, 292),
(512, 142, 291),
(511, 142, 64),
(510, 142, 290),
(509, 142, 289),
(508, 142, 288),
(507, 142, 287),
(506, 142, 286),
(505, 142, 285),
(504, 142, 284),
(503, 142, 283),
(502, 142, 282),
(501, 142, 281),
(500, 142, 280),
(499, 142, 279),
(498, 142, 278),
(497, 142, 277),
(496, 142, 276),
(495, 142, 275),
(609, 142, 386),
(608, 142, 385),
(607, 142, 384),
(606, 142, 383),
(605, 142, 382),
(604, 142, 381),
(603, 142, 380),
(602, 142, 379),
(601, 142, 378),
(600, 142, 377),
(599, 142, 376),
(598, 142, 375),
(597, 142, 374),
(596, 142, 373),
(595, 142, 372),
(594, 142, 371),
(593, 142, 370),
(592, 142, 369),
(591, 142, 368),
(590, 142, 367),
(589, 142, 366),
(588, 142, 365),
(587, 142, 364),
(586, 142, 363),
(585, 142, 362),
(584, 142, 361),
(583, 142, 360),
(582, 142, 359),
(581, 142, 358),
(580, 142, 357),
(579, 142, 356),
(578, 142, 355),
(577, 142, 354),
(576, 142, 353),
(575, 142, 352),
(574, 142, 351),
(573, 142, 99),
(572, 142, 350),
(571, 142, 349),
(570, 142, 348),
(569, 142, 347),
(568, 142, 346),
(567, 142, 345),
(566, 142, 344),
(565, 142, 343),
(564, 142, 342),
(563, 142, 341),
(562, 142, 340),
(561, 142, 339),
(560, 142, 338),
(559, 142, 337),
(558, 142, 336),
(557, 142, 335),
(556, 142, 334),
(555, 142, 333),
(554, 142, 332),
(553, 142, 331),
(552, 142, 330),
(551, 142, 329),
(550, 142, 328),
(549, 142, 88),
(548, 142, 327),
(547, 142, 326),
(546, 142, 325),
(545, 142, 324),
(544, 142, 323),
(543, 142, 322),
(542, 142, 321),
(541, 142, 320),
(540, 142, 319),
(539, 142, 318),
(538, 142, 317),
(537, 142, 316),
(536, 142, 315),
(535, 142, 314),
(534, 142, 313),
(533, 142, 312),
(532, 142, 311),
(531, 142, 310),
(530, 142, 309),
(529, 142, 308),
(528, 142, 307),
(527, 142, 306),
(526, 142, 305),
(525, 142, 304),
(524, 142, 303),
(523, 142, 302),
(522, 142, 301),
(521, 142, 300),
(720, 142, 493),
(719, 142, 492),
(718, 142, 491),
(717, 142, 41),
(716, 142, 490),
(715, 142, 489),
(714, 142, 488),
(713, 142, 487),
(712, 142, 486),
(711, 142, 236),
(710, 142, 485),
(709, 142, 484),
(708, 142, 483),
(707, 142, 482),
(706, 142, 481),
(705, 142, 480),
(704, 142, 479),
(703, 142, 478),
(702, 142, 477),
(701, 142, 476),
(700, 142, 475),
(699, 142, 474),
(698, 142, 473),
(697, 142, 472),
(696, 142, 471),
(695, 142, 470),
(694, 142, 469),
(693, 142, 468),
(692, 142, 467),
(691, 142, 466),
(690, 142, 465),
(689, 142, 464),
(688, 142, 463),
(687, 142, 462),
(686, 142, 461),
(685, 142, 460),
(684, 142, 459),
(683, 142, 458),
(682, 142, 457),
(681, 142, 456),
(680, 142, 455),
(679, 142, 454),
(678, 142, 453),
(677, 142, 452),
(676, 142, 451),
(675, 142, 450),
(674, 142, 449),
(673, 142, 448),
(672, 142, 447),
(671, 142, 446),
(670, 142, 445),
(669, 142, 444),
(668, 142, 443),
(667, 142, 442),
(666, 142, 441),
(665, 142, 440),
(664, 142, 439),
(663, 142, 438),
(662, 142, 437),
(661, 142, 436),
(660, 142, 435),
(659, 142, 434),
(658, 142, 433),
(657, 142, 432),
(656, 142, 431),
(655, 142, 430),
(654, 142, 429),
(653, 142, 428),
(652, 142, 427),
(651, 142, 426),
(650, 142, 425),
(649, 142, 424),
(648, 142, 423),
(647, 142, 422),
(646, 142, 421),
(645, 142, 420),
(644, 142, 419),
(643, 142, 418),
(642, 142, 417),
(641, 142, 416),
(640, 142, 415),
(639, 142, 414),
(638, 142, 413),
(637, 142, 412),
(636, 142, 411),
(635, 142, 410),
(634, 142, 409),
(633, 142, 408),
(632, 142, 407),
(631, 142, 171),
(630, 142, 406),
(629, 142, 405),
(628, 142, 404),
(627, 142, 403),
(626, 142, 402),
(625, 142, 401),
(624, 142, 400),
(623, 142, 399),
(622, 142, 398),
(621, 142, 397),
(721, 142, 494),
(722, 142, 495),
(723, 142, 496),
(724, 142, 497),
(725, 142, 498),
(726, 142, 249),
(727, 142, 499),
(728, 142, 500),
(729, 142, 501),
(730, 142, 502),
(731, 142, 503),
(732, 142, 504),
(733, 142, 505),
(734, 142, 506),
(735, 142, 507),
(736, 142, 508),
(737, 142, 509),
(738, 142, 510),
(739, 142, 511),
(740, 142, 512),
(741, 142, 513),
(742, 142, 514),
(743, 142, 515),
(744, 142, 516),
(745, 142, 517),
(746, 142, 518),
(747, 142, 519),
(748, 142, 520),
(749, 142, 521),
(750, 142, 522),
(751, 142, 523),
(752, 142, 524),
(753, 142, 525),
(754, 142, 526),
(755, 152, 527),
(756, 152, 528),
(757, 152, 83),
(758, 152, 529),
(759, 152, 530),
(760, 152, 531),
(761, 152, 532),
(762, 152, 533),
(763, 152, 534),
(764, 152, 535),
(765, 152, 536),
(766, 152, 537),
(767, 152, 538),
(768, 152, 395),
(769, 152, 539),
(770, 152, 540),
(771, 152, 541),
(772, 152, 542),
(773, 152, 543),
(774, 152, 544),
(775, 152, 545),
(776, 152, 546),
(777, 152, 547),
(778, 152, 548),
(779, 152, 549),
(780, 152, 550),
(781, 152, 551),
(782, 153, 19),
(783, 153, 20),
(784, 153, 21),
(785, 153, 22),
(786, 153, 23),
(787, 153, 24),
(788, 153, 25),
(789, 153, 26),
(790, 153, 27),
(791, 153, 28),
(792, 153, 29),
(793, 153, 30),
(794, 153, 31),
(795, 153, 32),
(796, 153, 33),
(797, 153, 34),
(798, 153, 35),
(799, 153, 36),
(800, 153, 37),
(801, 153, 38),
(802, 153, 39),
(803, 153, 40),
(804, 153, 41),
(805, 153, 42),
(806, 153, 43),
(807, 153, 44),
(808, 153, 45),
(809, 153, 46),
(810, 153, 47),
(811, 153, 48),
(812, 154, 50),
(813, 154, 552),
(814, 154, 553),
(815, 154, 554),
(816, 154, 555),
(817, 154, 556),
(818, 154, 557),
(819, 154, 558),
(820, 154, 559),
(821, 154, 560),
(822, 154, 561),
(823, 154, 562),
(824, 154, 563),
(825, 154, 564),
(826, 154, 565),
(827, 154, 566),
(828, 154, 567),
(829, 154, 568),
(830, 154, 569),
(831, 154, 570),
(832, 154, 571),
(833, 154, 229),
(834, 154, 572),
(835, 154, 573),
(836, 154, 574),
(837, 154, 575),
(838, 155, 576),
(839, 155, 577),
(840, 155, 578),
(841, 155, 579),
(842, 155, 580),
(843, 155, 581),
(844, 155, 582),
(845, 155, 583),
(846, 155, 584),
(847, 155, 416),
(848, 155, 585),
(849, 155, 586),
(850, 155, 587),
(851, 155, 588),
(852, 155, 589),
(853, 155, 590),
(854, 155, 591),
(855, 155, 592),
(856, 155, 593),
(857, 155, 468),
(858, 155, 594),
(859, 155, 595),
(860, 155, 596),
(861, 155, 597),
(862, 155, 598),
(863, 155, 599),
(864, 157, 600),
(865, 157, 601),
(866, 157, 602),
(867, 157, 603),
(868, 157, 604),
(869, 157, 605),
(870, 157, 606),
(871, 157, 607),
(872, 157, 33),
(873, 157, 608),
(874, 157, 609),
(875, 157, 610),
(876, 157, 611),
(877, 157, 612),
(878, 157, 613),
(879, 157, 614),
(880, 157, 615),
(881, 157, 616),
(882, 157, 617),
(883, 157, 618),
(884, 157, 619),
(885, 157, 620),
(886, 157, 621),
(887, 157, 622),
(888, 157, 623),
(889, 157, 624),
(890, 157, 625),
(891, 157, 626),
(892, 157, 627),
(893, 158, 628),
(894, 158, 629),
(895, 158, 630),
(896, 158, 631),
(897, 158, 632),
(898, 158, 633),
(899, 158, 634),
(900, 158, 635),
(901, 158, 636),
(902, 158, 637),
(903, 158, 638),
(904, 158, 639),
(905, 158, 640),
(906, 158, 641),
(907, 158, 642),
(908, 158, 643),
(909, 158, 644),
(910, 158, 645),
(911, 158, 646),
(912, 158, 647),
(913, 158, 648),
(914, 158, 649),
(915, 158, 650),
(916, 158, 651),
(917, 158, 652),
(918, 158, 653),
(919, 158, 654),
(920, 159, 655),
(921, 159, 656),
(922, 159, 657),
(923, 159, 658),
(924, 159, 659),
(925, 159, 660),
(926, 159, 661),
(927, 159, 662),
(928, 159, 373),
(929, 159, 663),
(930, 159, 664),
(931, 159, 665),
(932, 159, 666),
(933, 159, 667),
(934, 159, 668),
(935, 159, 175),
(936, 159, 669),
(937, 159, 670),
(938, 159, 671),
(939, 159, 672),
(940, 159, 673),
(941, 159, 674),
(942, 159, 675),
(943, 159, 676),
(944, 159, 677),
(945, 159, 678),
(946, 160, 679),
(947, 160, 680),
(948, 160, 681),
(949, 160, 682),
(950, 160, 683),
(951, 160, 684),
(952, 160, 685),
(953, 160, 686),
(954, 160, 687),
(955, 160, 688),
(956, 160, 689),
(957, 160, 690),
(958, 160, 691),
(959, 160, 692),
(960, 160, 693),
(961, 160, 694),
(962, 160, 695),
(963, 160, 696),
(964, 160, 697),
(965, 160, 698),
(966, 160, 699),
(967, 160, 700),
(968, 160, 548),
(969, 160, 701),
(970, 160, 702),
(971, 160, 703),
(972, 160, 704),
(973, 160, 705),
(974, 160, 706),
(975, 161, 707),
(976, 161, 708),
(977, 161, 709),
(978, 161, 710),
(979, 161, 711),
(980, 161, 712),
(981, 161, 713),
(982, 161, 714),
(983, 161, 715),
(984, 161, 716),
(985, 161, 717),
(986, 161, 424),
(987, 161, 718),
(988, 161, 719),
(989, 161, 720),
(990, 161, 721),
(991, 161, 722),
(992, 161, 723),
(993, 161, 724),
(994, 161, 235),
(995, 161, 725),
(996, 161, 726),
(997, 161, 727),
(998, 161, 728),
(999, 161, 729),
(1000, 161, 730);

-- --------------------------------------------------------

--
-- Table structure for table `lis_session_formats`
--

CREATE TABLE IF NOT EXISTS `lis_session_formats` (
  `session_format_id` int(11) NOT NULL AUTO_INCREMENT,
  `format_name` varchar(40) NOT NULL,
  PRIMARY KEY (`session_format_id`)
) ENGINE=MyISAM  DEFAULT CHARSET=latin1 AUTO_INCREMENT=3 ;

--
-- Dumping data for table `lis_session_formats`
--

INSERT INTO `lis_session_formats` (`session_format_id`, `format_name`) VALUES
(1, 'In person'),
(2, 'Online');

-- --------------------------------------------------------

--
-- Table structure for table `lis_session_types`
--

CREATE TABLE IF NOT EXISTS `lis_session_types` (
  `session_type_id` int(11) NOT NULL AUTO_INCREMENT,
  `name` varchar(40) NOT NULL,
  PRIMARY KEY (`session_type_id`)
) ENGINE=MyISAM  DEFAULT CHARSET=latin1 AUTO_INCREMENT=5 ;

--
-- Dumping data for table `lis_session_types`
--

INSERT INTO `lis_session_types` (`session_type_id`, `name`) VALUES
(1, 'Composition'),
(2, 'Course Related Instruction'),
(3, 'Partner Program'),
(4, 'Tour/Workshop');

-- --------------------------------------------------------

--
-- Table structure for table `lis_students`
--

CREATE TABLE IF NOT EXISTS `lis_students` (
  `student_id` int(11) NOT NULL AUTO_INCREMENT,
  `last_name` varchar(40) DEFAULT NULL,
  `first_name` varchar(40) DEFAULT NULL,
  `wsu_id` int(11) NOT NULL,
  `network_id` varchar(40) NOT NULL,
  PRIMARY KEY (`student_id`),
  UNIQUE KEY `wsu_id` (`wsu_id`)
) ENGINE=MyISAM  DEFAULT CHARSET=latin1 AUTO_INCREMENT=741 ;

--
-- Dumping data for table `lis_students`
--

INSERT INTO `lis_students` (`student_id`, `last_name`, `first_name`, `wsu_id`, `network_id`) VALUES
(63, NULL, NULL, 11000169, ''),
(62, NULL, NULL, 10998056, ''),
(61, NULL, NULL, 10990037, ''),
(60, NULL, NULL, 10988185, ''),
(59, NULL, NULL, 10977335, ''),
(55, NULL, NULL, 10932420, ''),
(56, NULL, NULL, 10933760, ''),
(57, NULL, NULL, 10940348, ''),
(58, NULL, NULL, 10959937, ''),
(54, NULL, NULL, 10892309, ''),
(53, NULL, NULL, 10873596, ''),
(19, NULL, NULL, 10976640, ''),
(52, NULL, NULL, 10868660, ''),
(51, NULL, NULL, 10826804, ''),
(50, NULL, NULL, 10784500, ''),
(49, NULL, NULL, 10550957, ''),
(20, NULL, NULL, 11086255, ''),
(21, NULL, NULL, 11142895, ''),
(22, NULL, NULL, 11179486, ''),
(23, NULL, NULL, 11180754, ''),
(24, NULL, NULL, 11180758, ''),
(25, NULL, NULL, 11186138, ''),
(26, NULL, NULL, 11195755, ''),
(27, NULL, NULL, 11195980, ''),
(28, NULL, NULL, 11210318, ''),
(29, NULL, NULL, 11210734, ''),
(30, NULL, NULL, 11224286, ''),
(31, NULL, NULL, 11224287, ''),
(32, NULL, NULL, 11225256, ''),
(33, NULL, NULL, 11230339, ''),
(34, NULL, NULL, 11235007, ''),
(35, NULL, NULL, 11238679, ''),
(36, NULL, NULL, 11239334, ''),
(37, NULL, NULL, 11241037, ''),
(38, NULL, NULL, 11242538, ''),
(39, NULL, NULL, 11243167, ''),
(40, NULL, NULL, 11246646, ''),
(41, NULL, NULL, 11256550, ''),
(42, NULL, NULL, 11256920, ''),
(43, NULL, NULL, 11258147, ''),
(44, NULL, NULL, 11265409, ''),
(45, NULL, NULL, 11267096, ''),
(46, NULL, NULL, 11269448, ''),
(47, NULL, NULL, 11269795, ''),
(48, NULL, NULL, 11272539, ''),
(64, NULL, NULL, 11015838, ''),
(65, NULL, NULL, 11033255, ''),
(66, NULL, NULL, 11037920, ''),
(67, NULL, NULL, 11038935, ''),
(68, NULL, NULL, 11042268, ''),
(69, NULL, NULL, 11062135, ''),
(70, NULL, NULL, 11064066, ''),
(71, NULL, NULL, 11064114, ''),
(72, NULL, NULL, 11067019, ''),
(73, NULL, NULL, 11067455, ''),
(74, NULL, NULL, 11067996, ''),
(75, NULL, NULL, 11085150, ''),
(76, NULL, NULL, 11085740, ''),
(77, NULL, NULL, 11091475, ''),
(78, NULL, NULL, 11091930, ''),
(79, NULL, NULL, 11092615, ''),
(80, NULL, NULL, 11095825, ''),
(81, NULL, NULL, 11108019, ''),
(82, NULL, NULL, 11108426, ''),
(83, NULL, NULL, 11111545, ''),
(84, NULL, NULL, 11112829, ''),
(85, NULL, NULL, 11112854, ''),
(86, NULL, NULL, 11114359, ''),
(87, NULL, NULL, 11119368, ''),
(88, NULL, NULL, 11119386, ''),
(89, NULL, NULL, 11121438, ''),
(90, NULL, NULL, 11121537, ''),
(91, NULL, NULL, 11127145, ''),
(92, NULL, NULL, 11129006, ''),
(93, NULL, NULL, 11131825, ''),
(94, NULL, NULL, 11134876, ''),
(95, NULL, NULL, 11135957, ''),
(96, NULL, NULL, 11143118, ''),
(97, NULL, NULL, 11148816, ''),
(98, NULL, NULL, 11151864, ''),
(99, NULL, NULL, 11152187, ''),
(100, NULL, NULL, 11152550, ''),
(101, NULL, NULL, 11156265, ''),
(102, NULL, NULL, 11156605, ''),
(103, NULL, NULL, 11158487, ''),
(104, NULL, NULL, 11159259, ''),
(105, NULL, NULL, 11159778, ''),
(106, NULL, NULL, 11160049, ''),
(107, NULL, NULL, 11161460, ''),
(108, NULL, NULL, 11163868, ''),
(109, NULL, NULL, 11164198, ''),
(110, NULL, NULL, 11164244, ''),
(111, NULL, NULL, 11164440, ''),
(112, NULL, NULL, 11164806, ''),
(113, NULL, NULL, 11165750, ''),
(114, NULL, NULL, 11174349, ''),
(115, NULL, NULL, 11174645, ''),
(116, NULL, NULL, 11174869, ''),
(117, NULL, NULL, 11176404, ''),
(118, NULL, NULL, 11176576, ''),
(119, NULL, NULL, 11178908, ''),
(120, NULL, NULL, 11179616, ''),
(121, NULL, NULL, 11180710, ''),
(122, NULL, NULL, 11181687, ''),
(123, NULL, NULL, 11181770, ''),
(124, NULL, NULL, 11181808, ''),
(125, NULL, NULL, 11182934, ''),
(126, NULL, NULL, 11183610, ''),
(127, NULL, NULL, 11183759, ''),
(128, NULL, NULL, 11184046, ''),
(129, NULL, NULL, 11185430, ''),
(130, NULL, NULL, 11186639, ''),
(131, NULL, NULL, 11187570, ''),
(132, NULL, NULL, 11187627, ''),
(133, NULL, NULL, 11188046, ''),
(134, NULL, NULL, 11188120, ''),
(135, NULL, NULL, 11188359, ''),
(136, NULL, NULL, 11188440, ''),
(137, NULL, NULL, 11188744, ''),
(138, NULL, NULL, 11189178, ''),
(139, NULL, NULL, 11189485, ''),
(140, NULL, NULL, 11190814, ''),
(141, NULL, NULL, 11190905, ''),
(142, NULL, NULL, 11191027, ''),
(143, NULL, NULL, 11191359, ''),
(144, NULL, NULL, 11191585, ''),
(145, NULL, NULL, 11193474, ''),
(146, NULL, NULL, 11193538, ''),
(147, NULL, NULL, 11194885, ''),
(148, NULL, NULL, 11195257, ''),
(149, NULL, NULL, 11195720, ''),
(150, NULL, NULL, 11196517, ''),
(151, NULL, NULL, 11197185, ''),
(152, NULL, NULL, 11198036, ''),
(153, NULL, NULL, 11198044, ''),
(154, NULL, NULL, 11198116, ''),
(155, NULL, NULL, 11198575, ''),
(156, NULL, NULL, 11199115, ''),
(157, NULL, NULL, 11199535, ''),
(158, NULL, NULL, 11200017, ''),
(159, NULL, NULL, 11201410, ''),
(160, NULL, NULL, 11201896, ''),
(161, NULL, NULL, 11202348, ''),
(162, NULL, NULL, 11202625, ''),
(163, NULL, NULL, 11203679, ''),
(164, NULL, NULL, 11204026, ''),
(165, NULL, NULL, 11204035, ''),
(166, NULL, NULL, 11204067, ''),
(167, NULL, NULL, 11204918, ''),
(168, NULL, NULL, 11206140, ''),
(169, NULL, NULL, 11206710, ''),
(170, NULL, NULL, 11211819, ''),
(171, NULL, NULL, 11216387, ''),
(172, NULL, NULL, 11219709, ''),
(173, NULL, NULL, 11220617, ''),
(174, NULL, NULL, 11222754, ''),
(175, NULL, NULL, 11222944, ''),
(176, NULL, NULL, 11223458, ''),
(177, NULL, NULL, 11223734, ''),
(178, NULL, NULL, 11224080, ''),
(179, NULL, NULL, 11226664, ''),
(180, NULL, NULL, 11228309, ''),
(181, NULL, NULL, 11228317, ''),
(182, NULL, NULL, 11228894, ''),
(183, NULL, NULL, 11229289, ''),
(184, NULL, NULL, 11235414, ''),
(185, NULL, NULL, 11235667, ''),
(186, NULL, NULL, 11235819, ''),
(187, NULL, NULL, 11236690, ''),
(188, NULL, NULL, 11236999, ''),
(189, NULL, NULL, 11237846, ''),
(190, NULL, NULL, 11238950, ''),
(191, NULL, NULL, 11239197, ''),
(192, NULL, NULL, 11239487, ''),
(193, NULL, NULL, 11239517, ''),
(194, NULL, NULL, 11239898, ''),
(195, NULL, NULL, 11240269, ''),
(196, NULL, NULL, 11240677, ''),
(197, NULL, NULL, 11241270, ''),
(198, NULL, NULL, 11241756, ''),
(199, NULL, NULL, 11241759, ''),
(200, NULL, NULL, 11242335, ''),
(201, NULL, NULL, 11242409, ''),
(202, NULL, NULL, 11242438, ''),
(203, NULL, NULL, 11242488, ''),
(204, NULL, NULL, 11242959, ''),
(205, NULL, NULL, 11242965, ''),
(206, NULL, NULL, 11243329, ''),
(207, NULL, NULL, 11243964, ''),
(208, NULL, NULL, 11244309, ''),
(209, NULL, NULL, 11245247, ''),
(210, NULL, NULL, 11245674, ''),
(211, NULL, NULL, 11246026, ''),
(212, NULL, NULL, 11246039, ''),
(213, NULL, NULL, 11246085, ''),
(214, NULL, NULL, 11246285, ''),
(215, NULL, NULL, 11246359, ''),
(216, NULL, NULL, 11246595, ''),
(217, NULL, NULL, 11246696, ''),
(218, NULL, NULL, 11247028, ''),
(219, NULL, NULL, 11247556, ''),
(220, NULL, NULL, 11247820, ''),
(221, NULL, NULL, 11248315, ''),
(222, NULL, NULL, 11248356, ''),
(223, NULL, NULL, 11249384, ''),
(224, NULL, NULL, 11249888, ''),
(225, NULL, NULL, 11251006, ''),
(226, NULL, NULL, 11251205, ''),
(227, NULL, NULL, 11251624, ''),
(228, NULL, NULL, 11251878, ''),
(229, NULL, NULL, 11252494, ''),
(230, NULL, NULL, 11252525, ''),
(231, NULL, NULL, 11253187, ''),
(232, NULL, NULL, 11253226, ''),
(233, NULL, NULL, 11253289, ''),
(234, NULL, NULL, 11253406, ''),
(235, NULL, NULL, 11253539, ''),
(236, NULL, NULL, 11254497, ''),
(237, NULL, NULL, 11255245, ''),
(238, NULL, NULL, 11255269, ''),
(239, NULL, NULL, 11255610, ''),
(240, NULL, NULL, 11255630, ''),
(241, NULL, NULL, 11255736, ''),
(242, NULL, NULL, 11258854, ''),
(243, NULL, NULL, 11259166, ''),
(244, NULL, NULL, 11259805, ''),
(245, NULL, NULL, 11260538, ''),
(246, NULL, NULL, 11260657, ''),
(247, NULL, NULL, 11260686, ''),
(248, NULL, NULL, 11261248, ''),
(249, NULL, NULL, 11263015, ''),
(250, NULL, NULL, 11263120, ''),
(251, NULL, NULL, 11263146, ''),
(252, NULL, NULL, 11265217, ''),
(253, NULL, NULL, 11265829, ''),
(254, NULL, NULL, 11266208, ''),
(255, NULL, NULL, 11267177, ''),
(256, NULL, NULL, 11267446, ''),
(257, NULL, NULL, 11267478, ''),
(258, NULL, NULL, 11267564, ''),
(259, NULL, NULL, 11268408, ''),
(260, NULL, NULL, 11268845, ''),
(261, NULL, NULL, 11268957, ''),
(262, NULL, NULL, 11269337, ''),
(263, NULL, NULL, 11269649, ''),
(264, NULL, NULL, 11269847, ''),
(265, NULL, NULL, 11269876, ''),
(266, NULL, NULL, 11269957, ''),
(267, NULL, NULL, 11269966, ''),
(268, NULL, NULL, 11271595, ''),
(269, NULL, NULL, 11273917, ''),
(270, NULL, NULL, 11275064, ''),
(271, NULL, NULL, 11275929, ''),
(272, NULL, NULL, 11276638, ''),
(273, NULL, NULL, 11278495, ''),
(274, NULL, NULL, 11330970, ''),
(275, NULL, NULL, 762160, ''),
(276, NULL, NULL, 10232657, ''),
(277, NULL, NULL, 10590924, ''),
(278, NULL, NULL, 10824714, ''),
(279, NULL, NULL, 10842128, ''),
(280, NULL, NULL, 10925476, ''),
(281, NULL, NULL, 10926429, ''),
(282, NULL, NULL, 10946087, ''),
(283, NULL, NULL, 10957848, ''),
(284, NULL, NULL, 10986566, ''),
(285, NULL, NULL, 10988574, ''),
(286, NULL, NULL, 11000888, ''),
(287, NULL, NULL, 11004004, ''),
(288, NULL, NULL, 11008414, ''),
(289, NULL, NULL, 11009136, ''),
(290, NULL, NULL, 11009559, ''),
(291, NULL, NULL, 11017376, ''),
(292, NULL, NULL, 11019149, ''),
(293, NULL, NULL, 11026980, ''),
(294, NULL, NULL, 11032990, ''),
(295, NULL, NULL, 11033605, ''),
(296, NULL, NULL, 11040048, ''),
(297, NULL, NULL, 11043549, ''),
(298, NULL, NULL, 11043594, ''),
(299, NULL, NULL, 11044498, ''),
(300, NULL, NULL, 11044928, ''),
(301, NULL, NULL, 11046457, ''),
(302, NULL, NULL, 11051740, ''),
(303, NULL, NULL, 11055429, ''),
(304, NULL, NULL, 11059485, ''),
(305, NULL, NULL, 11061150, ''),
(306, NULL, NULL, 11061305, ''),
(307, NULL, NULL, 11075700, ''),
(308, NULL, NULL, 11085315, ''),
(309, NULL, NULL, 11085424, ''),
(310, NULL, NULL, 11085464, ''),
(311, NULL, NULL, 11086017, ''),
(312, NULL, NULL, 11091519, ''),
(313, NULL, NULL, 11091548, ''),
(314, NULL, NULL, 11091837, ''),
(315, NULL, NULL, 11092718, ''),
(316, NULL, NULL, 11093259, ''),
(317, NULL, NULL, 11093450, ''),
(318, NULL, NULL, 11093908, ''),
(319, NULL, NULL, 11094476, ''),
(320, NULL, NULL, 11096787, ''),
(321, NULL, NULL, 11103599, ''),
(322, NULL, NULL, 11107939, ''),
(323, NULL, NULL, 11108224, ''),
(324, NULL, NULL, 11108784, ''),
(325, NULL, NULL, 11109018, ''),
(326, NULL, NULL, 11112745, ''),
(327, NULL, NULL, 11116226, ''),
(328, NULL, NULL, 11120654, ''),
(329, NULL, NULL, 11121086, ''),
(330, NULL, NULL, 11123698, ''),
(331, NULL, NULL, 11125007, ''),
(332, NULL, NULL, 11126640, ''),
(333, NULL, NULL, 11126896, ''),
(334, NULL, NULL, 11128737, ''),
(335, NULL, NULL, 11128806, ''),
(336, NULL, NULL, 11130656, ''),
(337, NULL, NULL, 11132997, ''),
(338, NULL, NULL, 11134855, ''),
(339, NULL, NULL, 11136674, ''),
(340, NULL, NULL, 11137138, ''),
(341, NULL, NULL, 11138146, ''),
(342, NULL, NULL, 11138566, ''),
(343, NULL, NULL, 11140005, ''),
(344, NULL, NULL, 11141040, ''),
(345, NULL, NULL, 11142208, ''),
(346, NULL, NULL, 11145814, ''),
(347, NULL, NULL, 11151784, ''),
(348, NULL, NULL, 11151785, ''),
(349, NULL, NULL, 11151880, ''),
(350, NULL, NULL, 11152077, ''),
(351, NULL, NULL, 11153125, ''),
(352, NULL, NULL, 11155185, ''),
(353, NULL, NULL, 11156846, ''),
(354, NULL, NULL, 11158725, ''),
(355, NULL, NULL, 11158860, ''),
(356, NULL, NULL, 11159058, ''),
(357, NULL, NULL, 11159594, ''),
(358, NULL, NULL, 11165157, ''),
(359, NULL, NULL, 11166534, ''),
(360, NULL, NULL, 11166696, ''),
(361, NULL, NULL, 11172397, ''),
(362, NULL, NULL, 11173256, ''),
(363, NULL, NULL, 11173848, ''),
(364, NULL, NULL, 11174614, ''),
(365, NULL, NULL, 11175085, ''),
(366, NULL, NULL, 11175548, ''),
(367, NULL, NULL, 11176844, ''),
(368, NULL, NULL, 11178190, ''),
(369, NULL, NULL, 11178774, ''),
(370, NULL, NULL, 11179930, ''),
(371, NULL, NULL, 11180007, ''),
(372, NULL, NULL, 11180025, ''),
(373, NULL, NULL, 11180197, ''),
(374, NULL, NULL, 11180576, ''),
(375, NULL, NULL, 11184009, ''),
(376, NULL, NULL, 11186520, ''),
(377, NULL, NULL, 11186604, ''),
(378, NULL, NULL, 11188160, ''),
(379, NULL, NULL, 11188259, ''),
(380, NULL, NULL, 11188597, ''),
(381, NULL, NULL, 11188599, ''),
(382, NULL, NULL, 11188610, ''),
(383, NULL, NULL, 11188717, ''),
(384, NULL, NULL, 11190830, ''),
(385, NULL, NULL, 11191519, ''),
(386, NULL, NULL, 11192724, ''),
(387, NULL, NULL, 11193007, ''),
(388, NULL, NULL, 11194795, ''),
(389, NULL, NULL, 11195269, ''),
(390, NULL, NULL, 11195389, ''),
(391, NULL, NULL, 11195885, ''),
(392, NULL, NULL, 11195930, ''),
(393, NULL, NULL, 11197267, ''),
(394, NULL, NULL, 11198890, ''),
(395, NULL, NULL, 11201336, ''),
(396, NULL, NULL, 11201960, ''),
(397, NULL, NULL, 11202225, ''),
(398, NULL, NULL, 11202548, ''),
(399, NULL, NULL, 11202920, ''),
(400, NULL, NULL, 11208515, ''),
(401, NULL, NULL, 11208568, ''),
(402, NULL, NULL, 11209406, ''),
(403, NULL, NULL, 11213660, ''),
(404, NULL, NULL, 11213857, ''),
(405, NULL, NULL, 11214649, ''),
(406, NULL, NULL, 11215737, ''),
(407, NULL, NULL, 11220536, ''),
(408, NULL, NULL, 11222534, ''),
(409, NULL, NULL, 11222819, ''),
(410, NULL, NULL, 11222837, ''),
(411, NULL, NULL, 11222869, ''),
(412, NULL, NULL, 11223008, ''),
(413, NULL, NULL, 11223566, ''),
(414, NULL, NULL, 11223626, ''),
(415, NULL, NULL, 11223666, ''),
(416, NULL, NULL, 11224524, ''),
(417, NULL, NULL, 11224599, ''),
(418, NULL, NULL, 11228174, ''),
(419, NULL, NULL, 11228474, ''),
(420, NULL, NULL, 11228716, ''),
(421, NULL, NULL, 11229366, ''),
(422, NULL, NULL, 11229517, ''),
(423, NULL, NULL, 11230284, ''),
(424, NULL, NULL, 11234626, ''),
(425, NULL, NULL, 11236734, ''),
(426, NULL, NULL, 11237075, ''),
(427, NULL, NULL, 11237516, ''),
(428, NULL, NULL, 11237519, ''),
(429, NULL, NULL, 11237854, ''),
(430, NULL, NULL, 11237995, ''),
(431, NULL, NULL, 11238067, ''),
(432, NULL, NULL, 11238158, ''),
(433, NULL, NULL, 11238667, ''),
(434, NULL, NULL, 11238705, ''),
(435, NULL, NULL, 11239155, ''),
(436, NULL, NULL, 11239228, ''),
(437, NULL, NULL, 11239508, ''),
(438, NULL, NULL, 11239815, ''),
(439, NULL, NULL, 11241020, ''),
(440, NULL, NULL, 11241047, ''),
(441, NULL, NULL, 11241089, ''),
(442, NULL, NULL, 11241276, ''),
(443, NULL, NULL, 11241280, ''),
(444, NULL, NULL, 11241527, ''),
(445, NULL, NULL, 11241608, ''),
(446, NULL, NULL, 11242247, ''),
(447, NULL, NULL, 11242347, ''),
(448, NULL, NULL, 11242490, ''),
(449, NULL, NULL, 11242850, ''),
(450, NULL, NULL, 11242885, ''),
(451, NULL, NULL, 11242978, ''),
(452, NULL, NULL, 11243267, ''),
(453, NULL, NULL, 11243274, ''),
(454, NULL, NULL, 11243699, ''),
(455, NULL, NULL, 11243805, ''),
(456, NULL, NULL, 11244627, ''),
(457, NULL, NULL, 11244976, ''),
(458, NULL, NULL, 11245497, ''),
(459, NULL, NULL, 11245986, ''),
(460, NULL, NULL, 11246119, ''),
(461, NULL, NULL, 11246145, ''),
(462, NULL, NULL, 11246264, ''),
(463, NULL, NULL, 11246537, ''),
(464, NULL, NULL, 11246540, ''),
(465, NULL, NULL, 11247506, ''),
(466, NULL, NULL, 11248304, ''),
(467, NULL, NULL, 11248548, ''),
(468, NULL, NULL, 11249285, ''),
(469, NULL, NULL, 11249676, ''),
(470, NULL, NULL, 11249917, ''),
(471, NULL, NULL, 11249967, ''),
(472, NULL, NULL, 11249988, ''),
(473, NULL, NULL, 11250835, ''),
(474, NULL, NULL, 11250960, ''),
(475, NULL, NULL, 11250974, ''),
(476, NULL, NULL, 11251130, ''),
(477, NULL, NULL, 11251166, ''),
(478, NULL, NULL, 11251176, ''),
(479, NULL, NULL, 11251304, ''),
(480, NULL, NULL, 11251537, ''),
(481, NULL, NULL, 11251604, ''),
(482, NULL, NULL, 11251614, ''),
(483, NULL, NULL, 11252139, ''),
(484, NULL, NULL, 11252438, ''),
(485, NULL, NULL, 11252940, ''),
(486, NULL, NULL, 11254978, ''),
(487, NULL, NULL, 11255016, ''),
(488, NULL, NULL, 11255600, ''),
(489, NULL, NULL, 11255767, ''),
(490, NULL, NULL, 11255776, ''),
(491, NULL, NULL, 11257019, ''),
(492, NULL, NULL, 11258478, ''),
(493, NULL, NULL, 11260289, ''),
(494, NULL, NULL, 11260355, ''),
(495, NULL, NULL, 11260960, ''),
(496, NULL, NULL, 11261055, ''),
(497, NULL, NULL, 11261715, ''),
(498, NULL, NULL, 11262785, ''),
(499, NULL, NULL, 11263889, ''),
(500, NULL, NULL, 11264900, ''),
(501, NULL, NULL, 11265507, ''),
(502, NULL, NULL, 11266184, ''),
(503, NULL, NULL, 11266210, ''),
(504, NULL, NULL, 11266237, ''),
(505, NULL, NULL, 11266305, ''),
(506, NULL, NULL, 11266349, ''),
(507, NULL, NULL, 11266499, ''),
(508, NULL, NULL, 11266639, ''),
(509, NULL, NULL, 11266756, ''),
(510, NULL, NULL, 11266815, ''),
(511, NULL, NULL, 11267055, ''),
(512, NULL, NULL, 11267357, ''),
(513, NULL, NULL, 11267359, ''),
(514, NULL, NULL, 11267454, ''),
(515, NULL, NULL, 11269394, ''),
(516, NULL, NULL, 11269959, ''),
(517, NULL, NULL, 11270715, ''),
(518, NULL, NULL, 11270727, ''),
(519, NULL, NULL, 11270828, ''),
(520, NULL, NULL, 11271140, ''),
(521, NULL, NULL, 11273430, ''),
(522, NULL, NULL, 11274196, ''),
(523, NULL, NULL, 11274837, ''),
(524, NULL, NULL, 11275357, ''),
(525, NULL, NULL, 11277755, ''),
(526, NULL, NULL, 11281600, ''),
(527, NULL, NULL, 11056294, ''),
(528, NULL, NULL, 11070165, ''),
(529, NULL, NULL, 11136585, ''),
(530, NULL, NULL, 11139525, ''),
(531, NULL, NULL, 11164539, ''),
(532, NULL, NULL, 11173837, ''),
(533, NULL, NULL, 11174369, ''),
(534, NULL, NULL, 11179695, ''),
(535, NULL, NULL, 11188246, ''),
(536, NULL, NULL, 11192497, ''),
(537, NULL, NULL, 11195118, ''),
(538, NULL, NULL, 11198548, ''),
(539, NULL, NULL, 11205497, ''),
(540, NULL, NULL, 11205689, ''),
(541, NULL, NULL, 11205804, ''),
(542, NULL, NULL, 11205867, ''),
(543, NULL, NULL, 11206218, ''),
(544, NULL, NULL, 11206607, ''),
(545, NULL, NULL, 11207525, ''),
(546, NULL, NULL, 11234638, ''),
(547, NULL, NULL, 11236729, ''),
(548, NULL, NULL, 11248124, ''),
(549, NULL, NULL, 11251257, ''),
(550, NULL, NULL, 11254505, ''),
(551, NULL, NULL, 11261947, ''),
(552, NULL, NULL, 11177964, ''),
(553, NULL, NULL, 11215489, ''),
(554, NULL, NULL, 11215587, ''),
(555, NULL, NULL, 11215880, ''),
(556, NULL, NULL, 11223118, ''),
(557, NULL, NULL, 11223307, ''),
(558, NULL, NULL, 11228539, ''),
(559, NULL, NULL, 11235867, ''),
(560, NULL, NULL, 11236338, ''),
(561, NULL, NULL, 11237339, ''),
(562, NULL, NULL, 11241030, ''),
(563, NULL, NULL, 11244527, ''),
(564, NULL, NULL, 11244628, ''),
(565, NULL, NULL, 11245667, ''),
(566, NULL, NULL, 11246469, ''),
(567, NULL, NULL, 11246956, ''),
(568, NULL, NULL, 11247304, ''),
(569, NULL, NULL, 11247515, ''),
(570, NULL, NULL, 11251207, ''),
(571, NULL, NULL, 11251910, ''),
(572, NULL, NULL, 11256810, ''),
(573, NULL, NULL, 11259434, ''),
(574, NULL, NULL, 11267379, ''),
(575, NULL, NULL, 11270707, ''),
(576, NULL, NULL, 11133007, ''),
(577, NULL, NULL, 11162998, ''),
(578, NULL, NULL, 11175738, ''),
(579, NULL, NULL, 11189859, ''),
(580, NULL, NULL, 11192470, ''),
(581, NULL, NULL, 11196818, ''),
(582, NULL, NULL, 11215696, ''),
(583, NULL, NULL, 11215865, ''),
(584, NULL, NULL, 11223064, ''),
(585, NULL, NULL, 11227374, ''),
(586, NULL, NULL, 11228715, ''),
(587, NULL, NULL, 11229110, ''),
(588, NULL, NULL, 11238319, ''),
(589, NULL, NULL, 11241766, ''),
(590, NULL, NULL, 11242148, ''),
(591, NULL, NULL, 11242840, ''),
(592, NULL, NULL, 11243938, ''),
(593, NULL, NULL, 11244566, ''),
(594, NULL, NULL, 11251266, ''),
(595, NULL, NULL, 11252828, ''),
(596, NULL, NULL, 11255040, ''),
(597, NULL, NULL, 11261390, ''),
(598, NULL, NULL, 11266564, ''),
(599, NULL, NULL, 11269449, ''),
(600, NULL, NULL, 11085555, ''),
(601, NULL, NULL, 11160157, ''),
(602, NULL, NULL, 11176154, ''),
(603, NULL, NULL, 11183977, ''),
(604, NULL, NULL, 11222559, ''),
(605, NULL, NULL, 11229005, ''),
(606, NULL, NULL, 11229040, ''),
(607, NULL, NULL, 11230000, ''),
(608, NULL, NULL, 11231485, ''),
(609, NULL, NULL, 11236065, ''),
(610, NULL, NULL, 11237714, ''),
(611, NULL, NULL, 11239646, ''),
(612, NULL, NULL, 11241266, ''),
(613, NULL, NULL, 11243740, ''),
(614, NULL, NULL, 11243896, ''),
(615, NULL, NULL, 11246548, ''),
(616, NULL, NULL, 11248066, ''),
(617, NULL, NULL, 11248226, ''),
(618, NULL, NULL, 11255347, ''),
(619, NULL, NULL, 11260948, ''),
(620, NULL, NULL, 11261619, ''),
(621, NULL, NULL, 11261714, ''),
(622, NULL, NULL, 11264639, ''),
(623, NULL, NULL, 11265140, ''),
(624, NULL, NULL, 11265164, ''),
(625, NULL, NULL, 11269606, ''),
(626, NULL, NULL, 11270530, ''),
(627, NULL, NULL, 11277757, ''),
(628, NULL, NULL, 11105129, ''),
(629, NULL, NULL, 11110064, ''),
(630, NULL, NULL, 11195784, ''),
(631, NULL, NULL, 11206896, ''),
(632, NULL, NULL, 11215550, ''),
(633, NULL, NULL, 11220499, ''),
(634, NULL, NULL, 11228719, ''),
(635, NULL, NULL, 11235279, ''),
(636, NULL, NULL, 11235556, ''),
(637, NULL, NULL, 11236986, ''),
(638, NULL, NULL, 11237179, ''),
(639, NULL, NULL, 11237578, ''),
(640, NULL, NULL, 11238500, ''),
(641, NULL, NULL, 11240430, ''),
(642, NULL, NULL, 11241536, ''),
(643, NULL, NULL, 11245028, ''),
(644, NULL, NULL, 11245714, ''),
(645, NULL, NULL, 11246188, ''),
(646, NULL, NULL, 11246376, ''),
(647, NULL, NULL, 11247575, ''),
(648, NULL, NULL, 11252724, ''),
(649, NULL, NULL, 11253826, ''),
(650, NULL, NULL, 11254798, ''),
(651, NULL, NULL, 11257646, ''),
(652, NULL, NULL, 11261684, ''),
(653, NULL, NULL, 11264225, ''),
(654, NULL, NULL, 11269419, ''),
(655, NULL, NULL, 10939980, ''),
(656, NULL, NULL, 11026600, ''),
(657, NULL, NULL, 11059247, ''),
(658, NULL, NULL, 11128685, ''),
(659, NULL, NULL, 11164827, ''),
(660, NULL, NULL, 11165089, ''),
(661, NULL, NULL, 11177684, ''),
(662, NULL, NULL, 11177969, ''),
(663, NULL, NULL, 11182136, ''),
(664, NULL, NULL, 11197288, ''),
(665, NULL, NULL, 11203684, ''),
(666, NULL, NULL, 11215398, ''),
(667, NULL, NULL, 11215599, ''),
(668, NULL, NULL, 11215638, ''),
(669, NULL, NULL, 11234885, ''),
(670, NULL, NULL, 11237525, ''),
(671, NULL, NULL, 11239896, ''),
(672, NULL, NULL, 11242410, ''),
(673, NULL, NULL, 11244650, ''),
(674, NULL, NULL, 11246436, ''),
(675, NULL, NULL, 11254308, ''),
(676, NULL, NULL, 11255686, ''),
(677, NULL, NULL, 11264268, ''),
(678, NULL, NULL, 11270740, ''),
(679, NULL, NULL, 11108556, ''),
(680, NULL, NULL, 11119488, ''),
(681, NULL, NULL, 11138108, ''),
(682, NULL, NULL, 11139935, ''),
(683, NULL, NULL, 11143229, ''),
(684, NULL, NULL, 11164128, ''),
(685, NULL, NULL, 11173998, ''),
(686, NULL, NULL, 11181814, ''),
(687, NULL, NULL, 11184126, ''),
(688, NULL, NULL, 11192339, ''),
(689, NULL, NULL, 11193099, ''),
(690, NULL, NULL, 11193276, ''),
(691, NULL, NULL, 11195489, ''),
(692, NULL, NULL, 11199508, ''),
(693, NULL, NULL, 11202189, ''),
(694, NULL, NULL, 11204349, ''),
(695, NULL, NULL, 11212267, ''),
(696, NULL, NULL, 11213926, ''),
(697, NULL, NULL, 11236736, ''),
(698, NULL, NULL, 11239146, ''),
(699, NULL, NULL, 11244708, ''),
(700, NULL, NULL, 11246619, ''),
(701, NULL, NULL, 11251577, ''),
(702, NULL, NULL, 11254940, ''),
(703, NULL, NULL, 11256206, ''),
(704, NULL, NULL, 11256208, ''),
(705, NULL, NULL, 11265189, ''),
(706, NULL, NULL, 11269566, ''),
(707, NULL, NULL, 11152429, ''),
(708, NULL, NULL, 11155158, ''),
(709, NULL, NULL, 11158726, ''),
(710, NULL, NULL, 11159085, ''),
(711, NULL, NULL, 11165827, ''),
(712, NULL, NULL, 11174578, ''),
(713, NULL, NULL, 11185630, ''),
(714, NULL, NULL, 11202436, ''),
(715, NULL, NULL, 11223240, ''),
(716, NULL, NULL, 11228555, ''),
(717, NULL, NULL, 11228757, ''),
(718, NULL, NULL, 11239845, ''),
(719, NULL, NULL, 11242844, ''),
(720, NULL, NULL, 11244968, ''),
(721, NULL, NULL, 11246117, ''),
(722, NULL, NULL, 11251269, ''),
(723, NULL, NULL, 11251744, ''),
(724, NULL, NULL, 11253454, ''),
(725, NULL, NULL, 11253834, ''),
(726, NULL, NULL, 11254977, ''),
(727, NULL, NULL, 11255494, ''),
(728, NULL, NULL, 11255585, ''),
(729, NULL, NULL, 11259430, ''),
(730, NULL, NULL, 11260949, ''),
(731, NULL, NULL, 10906297, ''),
(732, NULL, NULL, 10957985, ''),
(733, NULL, NULL, 11052944, ''),
(734, NULL, NULL, 11114844, ''),
(735, NULL, NULL, 11131990, ''),
(736, NULL, NULL, 11146837, ''),
(737, NULL, NULL, 11176874, ''),
(738, NULL, NULL, 11189718, ''),
(739, NULL, NULL, 11198650, ''),
(740, NULL, NULL, 11255856, '');

/*!40101 SET CHARACTER_SET_CLIENT=@OLD_CHARACTER_SET_CLIENT */;
/*!40101 SET CHARACTER_SET_RESULTS=@OLD_CHARACTER_SET_RESULTS */;
/*!40101 SET COLLATION_CONNECTION=@OLD_COLLATION_CONNECTION */;
